id_prescricao,cpf_paciente,nome_paciente,medicamento,codigo_medicamento,quantidade,data_prescricao
1,08753169484,Pietra Barbosa,Ibuprofeno,DEF456,1,2025-05-09
2,80321976568,Sra. Alana Peixoto,Amoxicilina,DEF456,4,2025-04-28
3,53806174920,Clarice Novaes,Losartana,GHI789,5,2025-05-11
4,15780649294,Miguel Gonçalves,Amoxicilina,DEF456,2,2025-04-21
5,24869135728,Sra. Clarice Costela,Amoxicilina,MNO345,4,2025-04-23
6,59084763157,Gabriela Cunha,Amoxicilina,JKL012,1,2025-05-04
7,29160578467,Dr. João Guilherme Campos,Amoxicilina,DEF456,2,2025-05-10
8,68702931559,Isabelly Moraes,Ibuprofeno,JKL012,3,2025-05-10
9,65218743909,Sr. Vitor Moreira,Losartana,MNO345,4,2025-05-11
10,87052391414,Nicole Lopes,Paracetamol,JKL012,2,2025-05-14
11,31576249034,Dra. Maria Sophia Martins,Dipirona,ABC123,2,2025-04-28
12,65301742817,Luiz Felipe Aragão,Ibuprofeno,GHI789,4,2025-04-22
13,72586439155,Joana da Mota,Paracetamol,DEF456,2,2025-05-10
14,56903142770,Isadora Barbosa,Ibuprofeno,JKL012,3,2025-05-03
15,74890136584,Arthur Santos,Amoxicilina,MNO345,4,2025-04-26
16,17954368246,Sra. Camila da Cruz,Ibuprofeno,MNO345,3,2025-04-30
17,50178943223,Ana Clara Dias,Amoxicilina,MNO345,1,2025-04-21
18,73824960583,Sophia Barros,Losartana,MNO345,2,2025-05-04
19,46983217519,Natália Teixeira,Ibuprofeno,ABC123,4,2025-05-05
20,13850962768,Ana Clara Pires,Losartana,DEF456,2,2025-04-22
21,96174235882,Arthur Porto,Dipirona,ABC123,5,2025-05-10
22,80726931586,Laís Viana,Amoxicilina,ABC123,1,2025-05-18
23,72340961831,Sr. Gustavo Henrique da Costa,Amoxicilina,JKL012,5,2025-04-22
24,62930184787,Nicole Porto,Ibuprofeno,JKL012,4,2025-05-03
25,46250319743,Dr. Theo da Paz,Paracetamol,JKL012,3,2025-05-07
26,17964203878,Dra. Maria Sophia Fogaça,Losartana,GHI789,2,2025-05-13
27,69123548746,Larissa Monteiro,Amoxicilina,DEF456,5,2025-04-24
28,58709123695,Isadora Farias,Dipirona,GHI789,2,2025-05-11
29,48659271076,Calebe Souza,Ibuprofeno,INV,-1,2025-05-02
30,14768925049,Ana Vitória da Luz,Amoxicilina,DEF456,3,2025-05-12
31,23674590883,Heloísa Farias,Dipirona,GHI789,1,2025-05-18
32,18490673250,Pietro Ferreira,Dipirona,MNO345,4,2025-04-20
33,73541960884,Diogo Gonçalves,Amoxicilina,GHI789,2,2025-05-11
34,63987451246,Pedro Nascimento,Losartana,GHI789,4,2025-05-08
35,04193758648,Dra. Maria Cecília Rezende,Amoxicilina,MNO345,5,2025-05-07
36,73952486191,Maria Sophia Novaes,Amoxicilina,DEF456,3,2025-05-05
37,13084795223,Luiz Henrique da Costa,Dipirona,ABC123,1,2025-05-15
38,40865723974,Augusto Carvalho,Losartana,ABC123,5,2025-05-17
39,10346589215,Thiago Pereira,Losartana,ABC123,5,2025-04-21
40,37540986166,Kevin Santos,Losartana,JKL012,5,2025-05-10
41,06759312821,Miguel Novaes,Ibuprofeno,ABC123,1,2025-05-10
42,48172560958,Srta. Elisa Lopes,Losartana,JKL012,3,2025-05-17
43,35048967100,Sra. Bárbara da Luz,Paracetamol,MNO345,4,2025-05-05
44,01762895420,Davi Lucas Caldeira,Dipirona,JKL012,5,2025-05-10
45,73689041520,Bernardo Correia,Amoxicilina,GHI789,3,2025-05-07
46,95846231764,Brenda Silveira,Dipirona,MNO345,1,2025-04-24
47,87149065384,Ana Laura Oliveira,Paracetamol,ABC123,4,2025-05-19
48,78349026103,Gustavo Henrique Costa,Amoxicilina,MNO345,5,2025-05-14
49,65124987049,Maitê Cunha,Paracetamol,ABC123,3,2025-05-18
50,05267134961,Sr. Thiago Mendes,Amoxicilina,DEF456,4,2025-05-18
51,65793142061,Davi Lucas Nascimento,Losartana,DEF456,5,2025-05-01
52,27089345629,Pedro Gonçalves,Losartana,MNO345,2,2025-05-11
53,81725469049,Marcelo Moura,Paracetamol,JKL012,1,2025-04-23
54,52714603807,Carolina Teixeira,Amoxicilina,GHI789,1,2025-05-11
55,24903867196,Kaique Mendes,Paracetamol,GHI789,4,2025-04-25
56,87025396400,Otávio Castro,Losartana,INV,-1,2025-05-11
57,98430725105,Dr. Pedro Lucas Vieira,Losartana,JKL012,3,2025-05-09
58,05326749874,Dr. Vitor Gabriel Alves,Amoxicilina,DEF456,2,2025-05-06
59,26930451770,Ana Luiza Porto,Dipirona,MNO345,1,2025-04-23
60,81032576480,João Pedro da Cruz,Dipirona,DEF456,5,2025-05-01
61,38412970640,Ana Júlia Gomes,Dipirona,MNO345,2,2025-04-22
62,13087692450,Vitor da Cruz,Amoxicilina,DEF456,5,2025-05-04
63,97524680120,Ana Vitória Ramos,Losartana,ABC123,3,2025-05-21
64,02391856415,Otávio Jesus,Losartana,ABC123,1,2025-04-24
65,34719862519,Sra. Heloísa Carvalho,Dipirona,MNO345,5,2025-04-30
66,92850143642,Sr. Carlos Eduardo da Cruz,Ibuprofeno,GHI789,5,2025-05-10
67,26438591700,Olivia Souza,Paracetamol,DEF456,5,2025-04-23
68,73864251044,Sabrina Freitas,Paracetamol,DEF456,1,2025-05-14
69,45067893184,Enzo Porto,Paracetamol,ABC123,3,2025-05-14
70,26791054352,Catarina Souza,Ibuprofeno,MNO345,1,2025-05-08
71,43265807126,Dr. Enzo Ferreira,Dipirona,MNO345,3,2025-04-27
72,46719820303,Davi Nogueira,Dipirona,JKL012,2,2025-04-30
73,15409673875,Maria Clara Souza,Dipirona,GHI789,3,2025-04-29
74,76345082171,Luiz Gustavo Barros,Paracetamol,JKL012,3,2025-04-25
75,50173862977,Luiz Henrique Nascimento,Dipirona,MNO345,5,2025-05-06
76,64957318093,Daniela Rocha,Ibuprofeno,MNO345,2,2025-04-27
77,78190465384,Mariane da Mota,Paracetamol,JKL012,5,2025-05-01
78,01274389631,Luiza Costa,Ibuprofeno,ABC123,2,2025-04-20
79,04312576980,Dra. Daniela Araújo,Ibuprofeno,JKL012,3,2025-05-05
80,04371652808,Gabriela Nascimento,Ibuprofeno,JKL012,1,2025-05-06
81,06817239478,Leandro Pinto,Losartana,ABC123,1,2025-05-10
82,71920834613,Marcos Vinicius da Costa,Losartana,DEF456,1,2025-05-17
83,52097638465,Camila Almeida,Paracetamol,INV,-1,2025-04-27
84,123456789,Dra. Isabella da Paz,Ibuprofeno,INV,-1,2025-04-23
85,03874165957,Sra. Manuela Rodrigues,Dipirona,DEF456,3,2025-04-21
86,43780926547,Rodrigo Cardoso,Paracetamol,JKL012,4,2025-04-26
87,48619032542,Eduarda Nogueira,Paracetamol,ABC123,2,2025-04-21
88,45678129058,Thales Melo,Losartana,GHI789,4,2025-05-12
89,59286417020,Maria Julia Moura,Losartana,ABC123,1,2025-04-22
90,81604753900,Srta. Júlia Freitas,Ibuprofeno,INV,-1,2025-04-27
91,32581764937,Dra. Alexia Almeida,Amoxicilina,ABC123,5,2025-05-09
92,85016934215,Samuel Gomes,Paracetamol,JKL012,1,2025-05-11
93,70431629803,Daniela Alves,Paracetamol,MNO345,3,2025-04-24
94,10835472671,Sofia Souza,Dipirona,JKL012,5,2025-05-02
95,123456789,Julia Caldeira,Dipirona,INV,-1,2025-05-03
96,41632879573,Maria Julia Cavalcanti,Dipirona,GHI789,3,2025-05-17
97,34619708240,Sra. Julia da Paz,Dipirona,ABC123,4,2025-04-21
98,79643852083,Enzo Gabriel Aragão,Dipirona,GHI789,4,2025-05-03
99,32486017526,Dr. Alexandre Vieira,Paracetamol,DEF456,4,2025-05-18
100,38469752065,Dra. Júlia Silveira,Amoxicilina,JKL012,1,2025-04-26
101,97506813203,Pedro Lucas Souza,Dipirona,GHI789,2,2025-05-14
102,86253479083,Vinicius Aragão,Paracetamol,GHI789,5,2025-05-11
103,28613597068,Yuri da Conceição,Losartana,DEF456,2,2025-04-28
104,53206478910,Raquel Peixoto,Paracetamol,JKL012,2,2025-04-26
105,83564219773,Kamilly da Paz,Losartana,MNO345,5,2025-05-20
106,63045982700,Luigi Ferreira,Dipirona,MNO345,1,2025-04-22
107,40891326731,Mariana Souza,Dipirona,JKL012,4,2025-05-03
108,82461035989,Thomas Costa,Dipirona,GHI789,5,2025-04-27
109,43516982764,Luana Carvalho,Dipirona,JKL012,5,2025-05-16
110,76184203940,Dra. Larissa Ramos,Amoxicilina,INV,-1,2025-04-21
111,27915634070,Marcos Vinicius Moreira,Ibuprofeno,GHI789,2,2025-05-20
112,76538210902,Nicole da Mata,Dipirona,GHI789,3,2025-05-15
113,21340568780,Sra. Pietra Dias,Losartana,DEF456,2,2025-05-11
114,91560428333,Sr. Erick Costela,Dipirona,DEF456,5,2025-05-09
115,30857962159,Rafaela Costa,Ibuprofeno,GHI789,5,2025-05-15
116,87953126419,Caio da Mota,Ibuprofeno,JKL012,4,2025-04-30
117,42068937131,João Miguel Rodrigues,Losartana,GHI789,3,2025-04-26
118,26038974113,João Lucas Mendes,Losartana,MNO345,5,2025-05-05
119,123456789,André Cunha,Losartana,INV,-1,2025-04-30
120,82901567312,Maria Sophia Ribeiro,Dipirona,ABC123,1,2025-05-19
121,39251684782,Maria Vitória da Rocha,Dipirona,MNO345,1,2025-05-08
122,60134295706,Ana Luiza Silva,Ibuprofeno,ABC123,2,2025-05-18
123,69248750338,Thomas Pinto,Losartana,INV,-1,2025-05-04
124,60248371940,Calebe da Conceição,Ibuprofeno,MNO345,3,2025-05-03
125,85016794294,Larissa da Luz,Amoxicilina,ABC123,2,2025-05-02
126,18437206987,Lívia Lopes,Dipirona,GHI789,5,2025-05-18
127,97286351419,Milena Pinto,Dipirona,JKL012,2,2025-04-28
128,45267098167,Sofia Lopes,Paracetamol,JKL012,1,2025-05-19
129,30256917868,Isadora da Rocha,Dipirona,DEF456,2,2025-04-20
130,38690547274,Kamilly Caldeira,Paracetamol,ABC123,1,2025-05-19
131,69574310299,Gustavo da Cruz,Ibuprofeno,ABC123,3,2025-05-05
132,04317586207,Lucas da Luz,Paracetamol,DEF456,3,2025-04-24
133,36908412750,Luiz Miguel Silva,Losartana,GHI789,4,2025-04-27
134,14359280670,Miguel Souza,Paracetamol,JKL012,4,2025-05-13
135,34807956175,Maria Sophia da Mata,Amoxicilina,JKL012,5,2025-04-23
136,72604918501,Isaac Campos,Amoxicilina,GHI789,5,2025-04-25
137,94357068193,Natália Moreira,Dipirona,ABC123,5,2025-05-17
138,81029543615,Sra. Olivia Dias,Dipirona,ABC123,4,2025-05-13
139,64381270940,Isabella Farias,Paracetamol,JKL012,3,2025-04-21
140,42860357190,Sr. Ian Pereira,Ibuprofeno,JKL012,1,2025-05-16
141,15963784255,Valentina Almeida,Ibuprofeno,DEF456,5,2025-04-25
142,97514308288,Bianca Costela,Ibuprofeno,DEF456,3,2025-05-16
143,81264539070,Diego Alves,Dipirona,DEF456,2,2025-05-18
144,76402513890,Catarina Campos,Paracetamol,DEF456,4,2025-05-20
145,69875240338,Dra. Maysa Oliveira,Paracetamol,DEF456,1,2025-05-04
146,26719830422,Srta. Maria Vitória Cunha,Paracetamol,ABC123,4,2025-05-11
147,37268954000,Letícia Peixoto,Paracetamol,JKL012,5,2025-05-12
148,42983176509,Mariane Pinto,Dipirona,DEF456,4,2025-04-30
149,06859231777,Maria Luiza Lopes,Paracetamol,JKL012,1,2025-04-24
150,18640359270,Joaquim Ribeiro,Losartana,JKL012,4,2025-05-12
151,29701835441,Marcos Vinicius Nascimento,Dipirona,GHI789,5,2025-04-24
152,14856392719,Dra. Olivia Lopes,Amoxicilina,GHI789,2,2025-05-15
153,56103897203,Dr. Marcos Vinicius das Neves,Dipirona,DEF456,2,2025-04-24
154,26715094306,Emanuel Lopes,Ibuprofeno,JKL012,5,2025-05-20
155,31608425762,Diogo Cardoso,Dipirona,DEF456,4,2025-05-02
156,123456789,Luiz Henrique Farias,Amoxicilina,INV,-1,2025-05-13
157,20386714517,Ana Vitória Novaes,Paracetamol,DEF456,1,2025-05-15
158,02459187360,Maria Julia Souza,Paracetamol,DEF456,4,2025-04-24
159,85913064224,Bruno Araújo,Amoxicilina,GHI789,5,2025-04-20
160,30465879101,Ryan Mendes,Paracetamol,ABC123,5,2025-04-26
161,19237680422,Francisco da Paz,Amoxicilina,MNO345,4,2025-04-23
162,31047526999,Juan da Cunha,Amoxicilina,ABC123,4,2025-05-10
163,86125740307,Luigi Lopes,Losartana,DEF456,1,2025-05-01
164,69870453210,Brenda Campos,Paracetamol,GHI789,4,2025-05-11
165,25140387905,Cauã da Cruz,Losartana,JKL012,5,2025-05-02
166,56183074993,Maria Cecília Sales,Dipirona,DEF456,3,2025-05-10
167,123456789,Sra. Rafaela Farias,Dipirona,INV,-1,2025-05-15
168,21650783930,Srta. Beatriz das Neves,Losartana,JKL012,4,2025-05-15
169,89347126519,Pietra Cardoso,Dipirona,DEF456,5,2025-04-25
170,16340752934,Lucas Araújo,Paracetamol,MNO345,4,2025-04-24
171,59674032134,João Vitor Barbosa,Losartana,GHI789,1,2025-04-30
172,64720159370,Gabriel Gomes,Paracetamol,JKL012,1,2025-05-14
173,05672931499,Srta. Sarah Rodrigues,Paracetamol,MNO345,4,2025-04-26
174,34596178020,Esther Viana,Ibuprofeno,DEF456,3,2025-05-02
175,80934571600,Sra. Maria Vitória Vieira,Ibuprofeno,GHI789,1,2025-04-26
176,34208976500,Maria Sophia Teixeira,Dipirona,MNO345,4,2025-05-05
177,78651402317,Miguel da Cunha,Dipirona,JKL012,2,2025-04-29
178,34598162791,Pedro Miguel Carvalho,Amoxicilina,GHI789,4,2025-05-01
179,37809126512,Dr. Heitor Jesus,Losartana,MNO345,1,2025-04-28
180,29071863450,Luiz Otávio Moreira,Ibuprofeno,ABC123,2,2025-04-20
181,51760932434,Arthur Moura,Losartana,MNO345,4,2025-04-25
182,73845026910,Maria Eduarda Lima,Dipirona,GHI789,2,2025-04-22
183,31456892070,Maria Julia Oliveira,Amoxicilina,MNO345,5,2025-05-14
184,65384071290,Lorenzo da Cruz,Dipirona,JKL012,5,2025-04-23
185,74528019620,Caroline Rodrigues,Paracetamol,DEF456,3,2025-05-14
186,20914637878,Gustavo Campos,Paracetamol,ABC123,5,2025-05-08
187,63487905256,Yasmin da Mata,Dipirona,DEF456,4,2025-05-21
188,56230841762,João Pedro Fogaça,Losartana,MNO345,3,2025-05-19
189,36812740969,Danilo Cardoso,Paracetamol,MNO345,1,2025-04-21
190,25496081785,Emilly Barbosa,Amoxicilina,MNO345,2,2025-05-17
191,74906528120,Rafaela Dias,Paracetamol,INV,-1,2025-04-28
192,06973458157,Enzo Gabriel da Paz,Ibuprofeno,ABC123,5,2025-05-08
193,01648729576,Sra. Raquel Pinto,Losartana,GHI789,5,2025-05-01
194,56182973021,Lucas Azevedo,Paracetamol,MNO345,1,2025-05-05
195,39160487593,Francisco Barros,Ibuprofeno,GHI789,1,2025-05-16
196,50417296894,Dr. Vitor Hugo Rodrigues,Amoxicilina,JKL012,5,2025-05-17
197,123456789,Srta. Emilly Gonçalves,Ibuprofeno,INV,-1,2025-04-21
198,10589324705,Dr. Kaique Viana,Amoxicilina,ABC123,5,2025-05-18
199,41637829582,João Lucas da Cunha,Ibuprofeno,JKL012,5,2025-05-11
200,70538916230,Vicente Almeida,Paracetamol,ABC123,3,2025-05-17
201,93518426737,Lorena Fernandes,Amoxicilina,JKL012,5,2025-05-08
202,46980213598,Mirella Monteiro,Amoxicilina,DEF456,2,2025-05-04
203,69520138498,Esther Moreira,Ibuprofeno,JKL012,4,2025-05-16
204,53862704190,Sofia das Neves,Paracetamol,ABC123,1,2025-05-07
205,48235609738,Elisa Nogueira,Paracetamol,INV,-1,2025-04-25
206,31025847644,Sr. Danilo Barros,Ibuprofeno,DEF456,3,2025-05-08
207,13078456226,Maria Vitória Monteiro,Amoxicilina,DEF456,4,2025-04-21
208,19562378446,Dra. Nicole Souza,Amoxicilina,DEF456,3,2025-05-13
209,91845706366,Sr. Enrico da Mota,Paracetamol,JKL012,3,2025-05-14
210,84196250785,Murilo Campos,Losartana,DEF456,3,2025-05-17
211,29760183404,Vinicius Novaes,Ibuprofeno,DEF456,3,2025-05-10
212,24986310542,Sr. Davi Lucca Rocha,Losartana,MNO345,2,2025-05-21
213,40168573253,Pedro Nogueira,Amoxicilina,ABC123,4,2025-04-24
214,06713842526,Alana Campos,Paracetamol,MNO345,5,2025-04-22
215,10352697407,Srta. Rebeca Pereira,Dipirona,ABC123,4,2025-05-12
216,90584167202,Kevin da Mata,Ibuprofeno,GHI789,1,2025-05-15
217,39804712687,Luigi Cardoso,Ibuprofeno,GHI789,3,2025-05-15
218,02839754665,Lavínia Pereira,Dipirona,MNO345,2,2025-04-25
219,85097416201,Luiz Fernando Rezende,Losartana,JKL012,1,2025-04-25
220,91038264570,Igor da Luz,Dipirona,JKL012,3,2025-04-27
221,16352049842,Lorenzo Vieira,Dipirona,MNO345,3,2025-04-21
222,75491623873,Luiz Miguel Oliveira,Dipirona,DEF456,1,2025-04-30
223,36982475000,Mariane Costa,Losartana,GHI789,2,2025-05-12
224,87021654901,Heitor Cunha,Paracetamol,DEF456,2,2025-05-02
225,82609413505,Thiago Correia,Paracetamol,JKL012,4,2025-04-20
226,35986201442,Srta. Eduarda Souza,Dipirona,JKL012,1,2025-05-05
227,04138962778,Stephany Lima,Paracetamol,MNO345,1,2025-05-10
228,71596403225,Dra. Catarina Lima,Amoxicilina,GHI789,4,2025-05-21
229,76508219359,Marina Barbosa,Dipirona,ABC123,1,2025-05-12
230,67451930866,Vitor Nogueira,Dipirona,DEF456,5,2025-04-21
231,05428967374,Emilly Jesus,Losartana,DEF456,4,2025-05-14
232,91720543879,Ana Vitória Sales,Amoxicilina,DEF456,2,2025-05-04
233,36921480704,Mirella Lima,Paracetamol,MNO345,2,2025-05-08
234,72183409541,Maria Sophia Correia,Dipirona,GHI789,5,2025-04-23
235,65043271906,Paulo Moreira,Paracetamol,MNO345,2,2025-05-10
236,95068347175,Júlia Ferreira,Dipirona,JKL012,5,2025-05-05
237,95061748301,Maria Cecília Sales,Amoxicilina,ABC123,4,2025-04-30
238,19468237087,Antônio Gomes,Ibuprofeno,JKL012,3,2025-05-05
239,61094357243,João Miguel Souza,Losartana,DEF456,4,2025-04-30
240,64138957219,Luiza da Mata,Amoxicilina,ABC123,5,2025-05-09
241,10246538970,Enrico Moraes,Paracetamol,MNO345,3,2025-05-15
242,59728643047,Pedro Lucas Fernandes,Amoxicilina,DEF456,1,2025-05-15
243,25913674006,Luna Souza,Dipirona,DEF456,5,2025-05-21
244,05471368975,Sra. Milena Campos,Paracetamol,ABC123,5,2025-04-23
245,61570942811,Ana Luiza Farias,Dipirona,MNO345,4,2025-05-12
246,12547839032,Luigi Moraes,Paracetamol,JKL012,5,2025-05-20
247,85217634928,Isabelly Silveira,Ibuprofeno,JKL012,4,2025-04-27
248,19463580700,Kamilly Moraes,Ibuprofeno,ABC123,1,2025-05-08
249,26835491728,Felipe da Rosa,Dipirona,GHI789,4,2025-05-05
250,94160835775,Rebeca Moraes,Amoxicilina,MNO345,2,2025-05-19
251,56187043235,Pietra da Luz,Ibuprofeno,ABC123,5,2025-05-01
252,03186279577,João Guilherme Teixeira,Losartana,GHI789,2,2025-05-10
253,70812564308,Larissa Castro,Losartana,ABC123,1,2025-05-15
254,09634852700,Luiza Fogaça,Losartana,GHI789,5,2025-04-24
255,94507683157,Arthur Pinto,Ibuprofeno,GHI789,4,2025-04-20
256,69350148242,Dra. Bruna Viana,Amoxicilina,ABC123,1,2025-05-10
257,04983561242,Benjamin Dias,Ibuprofeno,DEF456,4,2025-04-21
258,86032175480,Diego Oliveira,Losartana,JKL012,4,2025-05-21
259,71694803520,Luiz Gustavo Ferreira,Ibuprofeno,INV,-1,2025-04-20
260,87450391600,Milena Gonçalves,Amoxicilina,DEF456,2,2025-04-25
261,87495123664,Sr. Lucas Moraes,Amoxicilina,ABC123,4,2025-05-11
262,50281637903,Elisa Monteiro,Losartana,DEF456,1,2025-04-25
263,10548326924,Juliana Porto,Dipirona,MNO345,3,2025-04-25
264,19234568737,Beatriz da Rocha,Paracetamol,GHI789,4,2025-05-08
265,69857214002,Pietra Moraes,Losartana,ABC123,3,2025-04-28
266,19584632728,Larissa Cunha,Ibuprofeno,ABC123,3,2025-04-29
267,75013849241,Carolina Alves,Paracetamol,ABC123,1,2025-04-28
268,32168974519,Paulo Cunha,Ibuprofeno,DEF456,3,2025-05-01
269,41835602762,Sabrina Moraes,Ibuprofeno,GHI789,2,2025-05-17
270,68074239187,Dra. Maria Luiza da Conceição,Losartana,DEF456,1,2025-04-28
271,84129375628,Giovanna Rocha,Amoxicilina,ABC123,3,2025-04-28
272,53624078992,Yago Fogaça,Amoxicilina,DEF456,5,2025-05-06
273,64032791570,Sra. Alexia Araújo,Losartana,JKL012,4,2025-04-24
274,07365248947,Bianca Nascimento,Ibuprofeno,ABC123,2,2025-04-20
275,95407831600,Ian Costa,Losartana,JKL012,5,2025-05-06
276,14658920794,Dr. Benício Moraes,Dipirona,JKL012,1,2025-04-25
277,05791236859,Ana Beatriz Ribeiro,Paracetamol,JKL012,5,2025-05-13
278,59043126870,Cauã Fogaça,Dipirona,GHI789,1,2025-04-20
279,76318459219,Isis Almeida,Ibuprofeno,DEF456,4,2025-05-08
280,91374086584,Sofia Rodrigues,Paracetamol,ABC123,4,2025-05-18
281,75246039161,João Guilherme Caldeira,Amoxicilina,ABC123,3,2025-05-01
282,54968072392,Emanuella Oliveira,Losartana,GHI789,1,2025-05-04
283,82543197079,Sra. Isabella Melo,Losartana,GHI789,2,2025-05-13
284,40159267307,Srta. Rafaela Gomes,Dipirona,JKL012,3,2025-05-09
285,20173468535,Pedro Henrique Novaes,Paracetamol,GHI789,4,2025-05-15
286,96018735466,Calebe Cardoso,Dipirona,GHI789,3,2025-05-18
287,98516270467,Gabrielly Gonçalves,Losartana,JKL012,2,2025-04-22
288,05926431824,Srta. Milena Moreira,Paracetamol,GHI789,1,2025-05-21
289,43279851637,Gustavo Henrique Silveira,Dipirona,ABC123,2,2025-04-21
290,83614297004,Srta. Amanda Silveira,Amoxicilina,ABC123,1,2025-04-29
291,40762193506,Dr. Rodrigo Rezende,Ibuprofeno,ABC123,1,2025-05-18
292,26307845929,Thiago da Rocha,Dipirona,INV,-1,2025-05-16
293,95210763803,João Vitor Duarte,Dipirona,MNO345,5,2025-05-08
294,74061592858,Dr. Nicolas Pires,Losartana,GHI789,2,2025-04-21
295,80592163415,Thiago Rocha,Ibuprofeno,DEF456,5,2025-04-29
296,79628150430,Dra. Marcela Sales,Losartana,GHI789,2,2025-04-25
297,15276839409,Kamilly Mendes,Ibuprofeno,MNO345,2,2025-05-13
298,43012685707,Ana Julia da Mota,Ibuprofeno,MNO345,5,2025-05-15
299,37618452946,Caio Sales,Dipirona,DEF456,3,2025-05-13
300,36472580162,Esther da Rocha,Dipirona,MNO345,3,2025-05-04
301,18349602589,Marina Pires,Dipirona,MNO345,4,2025-05-13
302,74532801680,Diogo Moura,Amoxicilina,INV,-1,2025-04-22
303,20468539700,Yago da Rosa,Paracetamol,ABC123,1,2025-05-16
304,123456789,Guilherme Freitas,Ibuprofeno,INV,-1,2025-05-12
305,37605189400,Luana Azevedo,Losartana,DEF456,2,2025-04-26
306,25406718967,Eloah Araújo,Ibuprofeno,MNO345,3,2025-05-05
307,63907418557,Valentina Ferreira,Amoxicilina,DEF456,5,2025-04-29
308,41209867303,Brenda Fogaça,Paracetamol,GHI789,1,2025-04-27
309,82906417530,Maria Alice Freitas,Amoxicilina,MNO345,2,2025-04-24
310,59032741888,Srta. Maria Eduarda Azevedo,Dipirona,JKL012,2,2025-05-11
311,73456809166,João Gabriel da Paz,Losartana,GHI789,1,2025-05-04
312,59408671384,Vitor Hugo Mendes,Amoxicilina,GHI789,4,2025-05-20
313,04263857992,Dr. Pedro da Conceição,Ibuprofeno,DEF456,5,2025-05-07
314,59214608776,Fernando Barbosa,Ibuprofeno,ABC123,2,2025-05-04
315,89651274085,Luiz Otávio Aragão,Ibuprofeno,ABC123,1,2025-05-14
316,25408397629,Helena da Mata,Amoxicilina,DEF456,5,2025-05-11
317,46875310910,Lavínia Azevedo,Amoxicilina,MNO345,2,2025-05-09
318,60718429567,Sr. Luiz Fernando Costa,Amoxicilina,JKL012,3,2025-05-10
319,36290481533,Bernardo Martins,Amoxicilina,MNO345,5,2025-04-21
320,36408571271,Mariane Fogaça,Paracetamol,ABC123,3,2025-05-21
321,70261849549,Alana Cardoso,Amoxicilina,ABC123,2,2025-05-13
322,20173596886,Elisa Pinto,Amoxicilina,GHI789,1,2025-05-01
323,48160972369,Bruno da Conceição,Dipirona,JKL012,4,2025-05-12
324,85316092759,Henrique Gonçalves,Paracetamol,JKL012,5,2025-04-26
325,91638027595,Pedro Lucas Cardoso,Ibuprofeno,JKL012,2,2025-04-23
326,61054387290,Isabelly Novaes,Ibuprofeno,JKL012,4,2025-05-07
327,02314567943,Srta. Rebeca Ferreira,Amoxicilina,MNO345,1,2025-04-28
328,123456789,Ana Moura,Losartana,INV,-1,2025-04-29
329,75691032461,Sra. Emilly Cunha,Ibuprofeno,DEF456,1,2025-05-12
330,40825963133,Maria Julia Mendes,Paracetamol,JKL012,1,2025-04-29
331,53904162799,Leandro Ramos,Paracetamol,JKL012,5,2025-04-24
332,08149736557,Gabrielly Moreira,Paracetamol,MNO345,4,2025-05-10
333,63918704548,Yago Nascimento,Paracetamol,JKL012,4,2025-04-23
334,03781962431,Luiz Miguel Fogaça,Losartana,JKL012,2,2025-05-20
335,16539047800,Lavínia Dias,Dipirona,DEF456,4,2025-05-03
336,50961827386,Ana Teixeira,Ibuprofeno,DEF456,4,2025-05-07
337,30618954775,Dr. Igor Araújo,Amoxicilina,MNO345,1,2025-05-11
338,07386145217,Diogo Correia,Dipirona,DEF456,4,2025-05-20
339,31982460598,Natália Porto,Dipirona,JKL012,3,2025-05-11
340,31574960857,Matheus Nascimento,Losartana,ABC123,5,2025-05-11
341,54306729800,Letícia Viana,Paracetamol,JKL012,5,2025-04-27
342,48190357204,Pietra Fernandes,Paracetamol,GHI789,4,2025-05-15
343,14576023934,Joaquim Silveira,Amoxicilina,DEF456,1,2025-05-18
344,49380257104,Luana Jesus,Paracetamol,GHI789,5,2025-05-21
345,56742981300,Melissa Pereira,Losartana,ABC123,3,2025-05-11
346,95163248782,Dr. Rafael Viana,Paracetamol,ABC123,3,2025-05-15
347,32098657447,Murilo Monteiro,Ibuprofeno,JKL012,3,2025-05-06
348,17524809379,Murilo Araújo,Losartana,ABC123,5,2025-05-01
349,09157382603,Caroline Caldeira,Losartana,JKL012,2,2025-05-21
350,04751982397,Luna Silva,Amoxicilina,ABC123,1,2025-05-17
351,68527301407,Gustavo Sales,Paracetamol,JKL012,2,2025-05-01
352,09718532668,Isabel Freitas,Dipirona,JKL012,3,2025-05-16
353,03579268112,Dr. Lucas Gabriel Rodrigues,Ibuprofeno,GHI789,3,2025-05-04
354,72456183053,Sra. Luiza Moraes,Dipirona,MNO345,1,2025-04-25
355,46239510815,Bianca Moraes,Paracetamol,GHI789,2,2025-05-15
356,16985207430,Manuela Cavalcanti,Amoxicilina,GHI789,4,2025-05-19
357,50824961315,Elisa Araújo,Amoxicilina,GHI789,1,2025-04-21
358,34916807510,Augusto Gonçalves,Amoxicilina,INV,-1,2025-05-06
359,17029853695,Dra. Gabrielly Ramos,Ibuprofeno,GHI789,3,2025-05-07
360,90738624500,Mirella Viana,Ibuprofeno,DEF456,2,2025-05-16
361,46932508729,Maria Sophia Santos,Paracetamol,ABC123,4,2025-04-22
362,50763821462,Maria Clara Barros,Ibuprofeno,DEF456,5,2025-05-18
363,19578034288,Sr. Carlos Eduardo Campos,Ibuprofeno,DEF456,2,2025-05-13
364,43095186215,Igor Oliveira,Paracetamol,ABC123,4,2025-04-30
365,53864079292,Dr. João Felipe Mendes,Dipirona,INV,-1,2025-05-19
366,07154936800,Felipe Pinto,Amoxicilina,MNO345,4,2025-05-16
367,58096217402,Rafael Barbosa,Ibuprofeno,MNO345,4,2025-05-06
368,92874305197,Isaac Porto,Dipirona,GHI789,1,2025-05-10
369,123456789,Dr. Vitor Hugo da Mata,Amoxicilina,INV,-1,2025-05-18
370,97158340600,Samuel Ferreira,Amoxicilina,ABC123,4,2025-05-10
371,65231407925,Ana Luiza Porto,Losartana,ABC123,3,2025-04-30
372,89126374013,Ana Júlia Teixeira,Amoxicilina,MNO345,2,2025-05-21
373,75198240630,Maria Alice Viana,Amoxicilina,MNO345,4,2025-05-21
374,75692401894,Renan Rezende,Losartana,JKL012,3,2025-04-25
375,35468201771,Srta. Maria Sophia Silveira,Dipirona,INV,-1,2025-05-01
376,37415680235,Alexia Porto,Paracetamol,MNO345,4,2025-05-01
377,37026849131,Breno Vieira,Ibuprofeno,DEF456,3,2025-04-26
378,68723495065,Leandro Pires,Paracetamol,JKL012,2,2025-05-05
379,40521938732,Sr. Juan Almeida,Ibuprofeno,MNO345,3,2025-05-21
380,10356489205,Milena Castro,Amoxicilina,INV,-1,2025-04-23
381,64953108701,Luiz Fernando Lima,Dipirona,ABC123,3,2025-05-11
382,42968570102,Catarina Aragão,Dipirona,DEF456,2,2025-04-28
383,72531406808,Lívia Monteiro,Amoxicilina,DEF456,4,2025-05-19
384,08653721444,Beatriz Vieira,Ibuprofeno,MNO345,3,2025-05-18
385,43160527808,Mariana da Paz,Paracetamol,MNO345,2,2025-05-20
386,76240983500,Maria Cecília Martins,Dipirona,DEF456,4,2025-05-04
387,80195724305,Leandro da Cunha,Dipirona,JKL012,1,2025-04-30
388,85926371473,Guilherme Souza,Ibuprofeno,ABC123,2,2025-05-13
389,18037492613,Vitor Hugo Martins,Dipirona,JKL012,5,2025-05-06
390,67528430153,Isabel Moraes,Amoxicilina,JKL012,3,2025-05-14
391,76983025121,Gustavo Monteiro,Dipirona,DEF456,4,2025-04-28
392,71450263925,Maria Sophia Cardoso,Paracetamol,ABC123,5,2025-05-18
393,74612950399,Pietro Nunes,Losartana,MNO345,4,2025-05-03
394,16824930598,Theo das Neves,Amoxicilina,JKL012,3,2025-05-16
395,75213604862,Marcela Freitas,Dipirona,ABC123,5,2025-05-05
396,17302594643,João Ferreira,Ibuprofeno,MNO345,2,2025-05-20
397,78961034510,Emanuel Rocha,Losartana,MNO345,2,2025-05-17
398,123456789,Miguel Ferreira,Paracetamol,INV,-1,2025-04-29
399,07941628350,Cecília Castro,Dipirona,JKL012,5,2025-05-12
400,85320617453,Helena Viana,Losartana,DEF456,1,2025-04-28
401,123456789,Yasmin Silva,Paracetamol,INV,-1,2025-05-20
402,36174820580,Diogo Ribeiro,Amoxicilina,JKL012,5,2025-04-22
403,73608951202,Marcela Freitas,Losartana,ABC123,5,2025-04-22
404,31829657437,Leandro Viana,Losartana,ABC123,2,2025-05-20
405,123456789,Dr. Paulo Araújo,Losartana,INV,-1,2025-05-03
406,56478319237,Diogo Oliveira,Paracetamol,JKL012,4,2025-05-10
407,91467832537,Luiz Felipe Alves,Losartana,DEF456,5,2025-04-23
408,81530762480,Amanda da Rosa,Ibuprofeno,MNO345,5,2025-04-22
409,45371029699,Maria Eduarda Fogaça,Ibuprofeno,JKL012,3,2025-05-11
410,46809725130,João Felipe Vieira,Amoxicilina,MNO345,2,2025-05-06
411,16934058739,Dr. Otávio Costela,Losartana,JKL012,1,2025-04-25
412,62739580177,Srta. Manuela Alves,Ibuprofeno,DEF456,5,2025-04-24
413,38756094175,Marcela Teixeira,Losartana,DEF456,4,2025-05-19
414,74105286994,Sra. Ana Sales,Losartana,GHI789,4,2025-04-28
415,61420583905,Fernanda Moura,Ibuprofeno,JKL012,3,2025-04-30
416,14726935828,Emanuella Martins,Dipirona,DEF456,5,2025-05-17
417,31572980460,Isaac Campos,Amoxicilina,JKL012,1,2025-05-10
418,18947026387,Rafaela Dias,Amoxicilina,DEF456,1,2025-05-06
419,63195278030,Ana Vitória Almeida,Dipirona,MNO345,3,2025-05-07
420,56219307895,Sra. Helena Farias,Paracetamol,JKL012,5,2025-04-28
421,26084137903,Srta. Sophia Costela,Dipirona,GHI789,1,2025-05-12
422,86759023102,Augusto das Neves,Dipirona,DEF456,2,2025-05-16
423,26490751399,Dr. Benício Azevedo,Ibuprofeno,MNO345,1,2025-04-23
424,96372548038,Marcos Vinicius Vieira,Amoxicilina,DEF456,4,2025-04-20
425,69273014534,Fernanda Pinto,Dipirona,JKL012,5,2025-05-21
426,41253890714,Maria Sophia Ramos,Dipirona,MNO345,1,2025-05-09
427,81064593739,Sr. Davi Cavalcanti,Ibuprofeno,ABC123,4,2025-04-27
428,58102436905,João Lucas Araújo,Losartana,MNO345,3,2025-05-18
429,36714085290,Lara da Rocha,Dipirona,ABC123,1,2025-05-14
430,98314762040,Dr. Augusto Oliveira,Paracetamol,DEF456,4,2025-05-02
431,96587021476,Dr. Augusto Jesus,Paracetamol,GHI789,2,2025-05-16
432,68139247537,Manuela Castro,Dipirona,DEF456,4,2025-05-02
433,14926730804,Maria Fernanda Vieira,Dipirona,MNO345,4,2025-05-12
434,43695802189,Srta. Emilly Freitas,Amoxicilina,GHI789,1,2025-05-05
435,93062147822,Levi Ribeiro,Losartana,GHI789,3,2025-05-04
436,79450268185,Sra. Isadora Cardoso,Losartana,GHI789,4,2025-05-17
437,24391608570,Fernanda Novaes,Ibuprofeno,JKL012,3,2025-04-25
438,14286039722,Vitor Jesus,Losartana,JKL012,3,2025-05-18
439,17345268071,Rebeca das Neves,Losartana,JKL012,1,2025-05-15
440,89613042598,Manuela Viana,Amoxicilina,GHI789,2,2025-05-13
441,83562410905,Igor Cunha,Dipirona,ABC123,4,2025-05-19
442,67412039822,Juan Barbosa,Losartana,MNO345,5,2025-05-11
443,65103729407,Rodrigo Aragão,Dipirona,JKL012,5,2025-04-27
444,50327491680,Luiz Miguel da Costa,Dipirona,MNO345,2,2025-04-25
445,53076928465,Sra. Letícia Costela,Paracetamol,JKL012,2,2025-05-04
446,87321694500,Anthony Ribeiro,Amoxicilina,MNO345,4,2025-05-21
447,19468072304,Natália Dias,Ibuprofeno,ABC123,2,2025-05-17
448,16745038900,Renan Pereira,Losartana,INV,-1,2025-05-02
449,82140657390,Levi Ribeiro,Dipirona,MNO345,4,2025-05-01
450,87436190539,Dr. João Vitor Silva,Paracetamol,GHI789,4,2025-05-16
451,86715294364,Joaquim Carvalho,Dipirona,GHI789,5,2025-04-28
452,18940576276,Larissa Sales,Ibuprofeno,GHI789,1,2025-05-08
453,26709185494,Sophia Freitas,Dipirona,ABC123,5,2025-05-03
454,80954162749,Laura Cavalcanti,Dipirona,GHI789,2,2025-05-01
455,10623498570,Esther Nascimento,Dipirona,MNO345,2,2025-05-21
456,36128940722,Bruna Martins,Ibuprofeno,ABC123,4,2025-05-02
457,67340192840,Luiz Fernando Barros,Losartana,MNO345,2,2025-05-21
458,64029751849,Brenda Cunha,Amoxicilina,JKL012,3,2025-04-20
459,35629104799,Emanuel Correia,Dipirona,GHI789,1,2025-05-13
460,05918276386,Agatha Ferreira,Ibuprofeno,GHI789,3,2025-05-10
461,01874265976,Luiz Henrique Jesus,Dipirona,JKL012,5,2025-05-06
462,27358046900,Guilherme Araújo,Losartana,ABC123,2,2025-05-10
463,02861593415,Lara Costa,Paracetamol,DEF456,2,2025-05-11
464,02475361999,Maria da Cruz,Dipirona,GHI789,4,2025-05-12
465,82439016713,Theo Nascimento,Paracetamol,GHI789,2,2025-04-22
466,80423591606,Srta. Raquel da Mata,Amoxicilina,GHI789,4,2025-04-24
467,18079356475,Daniela Fogaça,Losartana,JKL012,5,2025-05-14
468,91250386489,Davi Lucas Freitas,Ibuprofeno,DEF456,3,2025-05-06
469,94360712561,Dr. Guilherme Freitas,Dipirona,GHI789,5,2025-05-18
470,07891234523,Luiz Otávio Monteiro,Ibuprofeno,DEF456,5,2025-04-26
471,67423589128,Srta. Ana Fernandes,Amoxicilina,JKL012,2,2025-05-15
472,47319628031,Davi Lucas Mendes,Paracetamol,JKL012,3,2025-04-23
473,07286935429,Marina Campos,Paracetamol,DEF456,2,2025-05-07
474,56830147948,Alana Ferreira,Ibuprofeno,GHI789,3,2025-04-30
475,70845136984,Sra. Mariana Mendes,Amoxicilina,ABC123,2,2025-05-03
476,46019358224,Maitê Jesus,Amoxicilina,ABC123,4,2025-04-25
477,58427196300,Dr. João Miguel Rezende,Paracetamol,JKL012,4,2025-05-21
478,34197562837,Rafael Fogaça,Paracetamol,ABC123,5,2025-04-21
479,69341075866,Sr. Kevin da Luz,Amoxicilina,ABC123,3,2025-05-02
480,06129485794,Lara Duarte,Losartana,MNO345,1,2025-05-07
481,61348052970,Vinicius da Rocha,Losartana,GHI789,5,2025-05-13
482,21490753850,Ryan Lopes,Amoxicilina,DEF456,2,2025-04-28
483,75410698258,Heitor da Luz,Ibuprofeno,DEF456,4,2025-04-23
484,62879501377,Julia Duarte,Losartana,DEF456,1,2025-05-02
485,89105762359,Beatriz Correia,Paracetamol,DEF456,2,2025-05-15
486,80361592795,Juliana da Paz,Paracetamol,MNO345,1,2025-05-15
487,29471035805,Sra. Emilly Vieira,Dipirona,ABC123,2,2025-04-23
488,24358706126,Theo Teixeira,Dipirona,ABC123,2,2025-05-05
489,70356419207,João Ferreira,Losartana,MNO345,5,2025-05-08
490,51904682324,Rebeca da Luz,Dipirona,ABC123,2,2025-04-22
491,46217950820,Maria Vitória Carvalho,Paracetamol,JKL012,5,2025-05-03
492,13490758684,Heloísa Cunha,Losartana,JKL012,2,2025-05-21
493,39850621451,Clarice Cunha,Paracetamol,ABC123,3,2025-05-09
494,34159268005,Luana Freitas,Dipirona,DEF456,5,2025-04-25
495,85961237095,Maysa Farias,Dipirona,GHI789,3,2025-05-21
496,64201753808,Sabrina Vieira,Ibuprofeno,GHI789,4,2025-05-17
497,05798261395,Emanuelly Alves,Paracetamol,ABC123,3,2025-05-16
498,123456789,Luiz Fernando Cardoso,Ibuprofeno,INV,-1,2025-05-20
499,07943615875,Maria Clara Ramos,Ibuprofeno,JKL012,5,2025-05-19
500,68109375286,Vicente Pires,Dipirona,DEF456,5,2025-04-21
